{
    "value": 0.5,
    "quartiles": {
        "first": 0.372355087,
        "second": 0.446515658,
        "third": 0.540733998
    }
}