{
    "quartiles": {
        "first": 0.367905596,
        "second": 0.442002905,
        "third": 0.538966204
    }
}